-- MySQL dump 10.13  Distrib 8.0.34, for macos13 (arm64)
--
-- Host: localhost    Database: laravel
-- ------------------------------------------------------
-- Server version	8.0.34

/*!40101 SET @OLD_CHARACTER_SET_CLIENT=@@CHARACTER_SET_CLIENT */;
/*!40101 SET @OLD_CHARACTER_SET_RESULTS=@@CHARACTER_SET_RESULTS */;
/*!40101 SET @OLD_COLLATION_CONNECTION=@@COLLATION_CONNECTION */;
/*!50503 SET NAMES utf8mb4 */;
/*!40103 SET @OLD_TIME_ZONE=@@TIME_ZONE */;
/*!40103 SET TIME_ZONE='+00:00' */;
/*!40014 SET @OLD_UNIQUE_CHECKS=@@UNIQUE_CHECKS, UNIQUE_CHECKS=0 */;
/*!40014 SET @OLD_FOREIGN_KEY_CHECKS=@@FOREIGN_KEY_CHECKS, FOREIGN_KEY_CHECKS=0 */;
/*!40101 SET @OLD_SQL_MODE=@@SQL_MODE, SQL_MODE='NO_AUTO_VALUE_ON_ZERO' */;
/*!40111 SET @OLD_SQL_NOTES=@@SQL_NOTES, SQL_NOTES=0 */;

--
-- Table structure for table `failed_jobs`
--

DROP TABLE IF EXISTS `failed_jobs`;
/*!40101 SET @saved_cs_client     = @@character_set_client */;
/*!50503 SET character_set_client = utf8mb4 */;
CREATE TABLE `failed_jobs` (
  `id` bigint unsigned NOT NULL AUTO_INCREMENT,
  `uuid` varchar(191) COLLATE utf8mb4_unicode_ci NOT NULL,
  `connection` text COLLATE utf8mb4_unicode_ci NOT NULL,
  `queue` text COLLATE utf8mb4_unicode_ci NOT NULL,
  `payload` longtext COLLATE utf8mb4_unicode_ci NOT NULL,
  `exception` longtext COLLATE utf8mb4_unicode_ci NOT NULL,
  `failed_at` timestamp NOT NULL DEFAULT CURRENT_TIMESTAMP,
  PRIMARY KEY (`id`),
  UNIQUE KEY `failed_jobs_uuid_unique` (`uuid`)
) ENGINE=InnoDB DEFAULT CHARSET=utf8mb4 COLLATE=utf8mb4_unicode_ci;
/*!40101 SET character_set_client = @saved_cs_client */;

--
-- Dumping data for table `failed_jobs`
--

LOCK TABLES `failed_jobs` WRITE;
/*!40000 ALTER TABLE `failed_jobs` DISABLE KEYS */;
/*!40000 ALTER TABLE `failed_jobs` ENABLE KEYS */;
UNLOCK TABLES;

--
-- Table structure for table `jobs`
--

DROP TABLE IF EXISTS `jobs`;
/*!40101 SET @saved_cs_client     = @@character_set_client */;
/*!50503 SET character_set_client = utf8mb4 */;
CREATE TABLE `jobs` (
  `id` bigint unsigned NOT NULL AUTO_INCREMENT,
  `queue` varchar(191) COLLATE utf8mb4_unicode_ci NOT NULL,
  `payload` longtext COLLATE utf8mb4_unicode_ci NOT NULL,
  `attempts` tinyint unsigned NOT NULL,
  `reserved_at` int unsigned DEFAULT NULL,
  `available_at` int unsigned NOT NULL,
  `created_at` int unsigned NOT NULL,
  PRIMARY KEY (`id`),
  KEY `jobs_queue_index` (`queue`)
) ENGINE=InnoDB DEFAULT CHARSET=utf8mb4 COLLATE=utf8mb4_unicode_ci;
/*!40101 SET character_set_client = @saved_cs_client */;

--
-- Dumping data for table `jobs`
--

LOCK TABLES `jobs` WRITE;
/*!40000 ALTER TABLE `jobs` DISABLE KEYS */;
/*!40000 ALTER TABLE `jobs` ENABLE KEYS */;
UNLOCK TABLES;

--
-- Table structure for table `landlord`
--

DROP TABLE IF EXISTS `landlord`;
/*!40101 SET @saved_cs_client     = @@character_set_client */;
/*!50503 SET character_set_client = utf8mb4 */;
CREATE TABLE `landlord` (
  `landlord_id` int NOT NULL,
  `landlord_add` varchar(45) COLLATE utf8mb4_unicode_ci NOT NULL,
  `wallet_add` varchar(45) COLLATE utf8mb4_unicode_ci NOT NULL,
  PRIMARY KEY (`landlord_id`),
  UNIQUE KEY `landlord_add_UNIQUE` (`landlord_add`),
  UNIQUE KEY `wallet_add_UNIQUE` (`wallet_add`)
) ENGINE=InnoDB DEFAULT CHARSET=utf8mb4 COLLATE=utf8mb4_unicode_ci;
/*!40101 SET character_set_client = @saved_cs_client */;

--
-- Dumping data for table `landlord`
--

LOCK TABLES `landlord` WRITE;
/*!40000 ALTER TABLE `landlord` DISABLE KEYS */;
/*!40000 ALTER TABLE `landlord` ENABLE KEYS */;
UNLOCK TABLES;

--
-- Table structure for table `locations`
--

DROP TABLE IF EXISTS `locations`;
/*!40101 SET @saved_cs_client     = @@character_set_client */;
/*!50503 SET character_set_client = utf8mb4 */;
CREATE TABLE `locations` (
  `id` bigint unsigned NOT NULL AUTO_INCREMENT,
  `name` varchar(191) COLLATE utf8mb4_unicode_ci NOT NULL,
  `created_at` timestamp NULL DEFAULT NULL,
  `updated_at` timestamp NULL DEFAULT NULL,
  PRIMARY KEY (`id`)
) ENGINE=InnoDB AUTO_INCREMENT=12 DEFAULT CHARSET=utf8mb4 COLLATE=utf8mb4_unicode_ci;
/*!40101 SET character_set_client = @saved_cs_client */;

--
-- Dumping data for table `locations`
--

LOCK TABLES `locations` WRITE;
/*!40000 ALTER TABLE `locations` DISABLE KEYS */;
INSERT INTO `locations` VALUES (1,'Hong Kong Island','2023-07-29 01:36:38','2023-07-31 19:35:01'),(2,'Kowloon','2023-07-29 01:36:38','2023-07-31 19:35:01'),(3,'New Territories','2023-07-29 01:36:38','2023-07-31 19:35:01');
/*!40000 ALTER TABLE `locations` ENABLE KEYS */;
UNLOCK TABLES;

--
-- Table structure for table `media`
--

DROP TABLE IF EXISTS `media`;
/*!40101 SET @saved_cs_client     = @@character_set_client */;
/*!50503 SET character_set_client = utf8mb4 */;
CREATE TABLE `media` (
  `id` bigint unsigned NOT NULL AUTO_INCREMENT,
  `name` varchar(191) COLLATE utf8mb4_unicode_ci NOT NULL,
  `property_id` bigint unsigned DEFAULT NULL,
  `created_at` timestamp NULL DEFAULT NULL,
  `updated_at` timestamp NULL DEFAULT NULL,
  PRIMARY KEY (`id`)
) ENGINE=InnoDB AUTO_INCREMENT=669 DEFAULT CHARSET=utf8mb4 COLLATE=utf8mb4_unicode_ci;
/*!40101 SET character_set_client = @saved_cs_client */;

--
-- Dumping data for table `media`
--

LOCK TABLES `media` WRITE;
/*!40000 ALTER TABLE `media` DISABLE KEYS */;
INSERT INTO `media` VALUES (547,'1691634347254-My Central1.jpg',55,'2023-08-09 18:25:47','2023-08-09 18:25:47'),(548,'1691634347661-My Central2.jpg',55,'2023-08-09 18:25:47','2023-08-09 18:25:47'),(549,'1691634347119-My Central3.jpg',55,'2023-08-09 18:25:47','2023-08-09 18:25:47'),(550,'1691634347898-My Central4.jpg',55,'2023-08-09 18:25:47','2023-08-09 18:25:47'),(551,'1691634347171-My-Central_Cover.jpg',55,'2023-08-09 18:25:47','2023-08-09 18:25:47'),(552,'1691635752787-太古城 觀海台 北海閣1.jpeg',56,'2023-08-09 18:49:12','2023-08-09 18:49:12'),(553,'1691635752448-太古城 觀海台 北海閣2.jpeg',56,'2023-08-09 18:49:12','2023-08-09 18:49:12'),(554,'1691635752200-太古城 觀海台 北海閣3.jpeg',56,'2023-08-09 18:49:12','2023-08-09 18:49:12'),(555,'1691635752788-太古城 觀海台 北海閣4.jpeg',56,'2023-08-09 18:49:12','2023-08-09 18:49:12'),(556,'1691635752440-太古城 觀海台 北海閣5.jpeg',56,'2023-08-09 18:49:12','2023-08-09 18:49:12'),(557,'1691635752259-太古城 觀海台 北海閣6.jpeg',56,'2023-08-09 18:49:12','2023-08-09 18:49:12'),(558,'1691636298645-新時代廣場 Yoho Midtown M2座 中層 D室2.jpeg',57,'2023-08-09 18:58:18','2023-08-09 18:58:18'),(559,'1691636298654-新時代廣場 Yoho Midtown M2座 中層 D室1.jpeg',57,'2023-08-09 18:58:18','2023-08-09 18:58:18'),(560,'1691636298697-新時代廣場 Yoho Midtown M2座 中層 D室3.jpeg',57,'2023-08-09 18:58:18','2023-08-09 18:58:18'),(561,'1691636298394-新時代廣場 Yoho Midtown M2座 中層 D室4.jpeg',57,'2023-08-09 18:58:18','2023-08-09 18:58:18'),(562,'1691636298280-新時代廣場 Yoho Midtown M2座 中層 D室5.jpeg',57,'2023-08-09 18:58:18','2023-08-09 18:58:18'),(563,'1691636818231-金巴利道26號 高層 G室1.jpeg',58,'2023-08-09 19:06:58','2023-08-09 19:06:58'),(564,'1691636818471-金巴利道26號 高層 G室2.jpeg',58,'2023-08-09 19:06:58','2023-08-09 19:06:58'),(565,'1691636818903-金巴利道26號 高層 G室3.jpeg',58,'2023-08-09 19:06:58','2023-08-09 19:06:58'),(566,'1691636818941-金巴利道26號 高層 G室4.jpeg',58,'2023-08-09 19:06:58','2023-08-09 19:06:58'),(567,'1691636818942-金巴利道26號 高層 G室5.jpeg',58,'2023-08-09 19:06:58','2023-08-09 19:06:58'),(568,'1691636818806-金巴利道26號 高層 G室6.jpeg',58,'2023-08-09 19:06:58','2023-08-09 19:06:58'),(569,'1691637180272-峻巒 (Park Yoho) Park Yoho Genova 2A期 29座 低層 B室1.jpeg',59,'2023-08-09 19:13:00','2023-08-09 19:13:00'),(570,'1691637180498-峻巒 (Park Yoho) Park Yoho Genova 2A期 29座 低層 B室2.jpeg',59,'2023-08-09 19:13:00','2023-08-09 19:13:00'),(571,'1691637180166-峻巒 (Park Yoho) Park Yoho Genova 2A期 29座 低層 B室3.jpeg',59,'2023-08-09 19:13:00','2023-08-09 19:13:00'),(572,'1691637180167-峻巒 (Park Yoho) Park Yoho Genova 2A期 29座 低層 B室4.jpeg',59,'2023-08-09 19:13:00','2023-08-09 19:13:00'),(573,'1691637180217-峻巒 (Park Yoho) Park Yoho Genova 2A期 29座 低層 B室5.jpeg',59,'2023-08-09 19:13:00','2023-08-09 19:13:00'),(574,'1691637180263-峻巒 (Park Yoho) Park Yoho Genova 2A期 29座 低層 B室6.jpeg',59,'2023-08-09 19:13:00','2023-08-09 19:13:00'),(575,'1691637518709-栢慧豪園 一期(栢慧豪園) 1座 高層 H室1.jpeg',60,'2023-08-09 19:18:38','2023-08-09 19:18:38'),(576,'1691637518711-栢慧豪園 一期(栢慧豪園) 1座 高層 H室2.jpeg',60,'2023-08-09 19:18:38','2023-08-09 19:18:38'),(577,'1691637518655-栢慧豪園 一期(栢慧豪園) 1座 高層 H室3.jpeg',60,'2023-08-09 19:18:38','2023-08-09 19:18:38'),(578,'1691637518490-栢慧豪園 一期(栢慧豪園) 1座 高層 H室4.jpeg',60,'2023-08-09 19:18:38','2023-08-09 19:18:38'),(579,'1691637518986-栢慧豪園 一期(栢慧豪園) 1座 高層 H室5.jpeg',60,'2023-08-09 19:18:38','2023-08-09 19:18:38'),(580,'1691637518470-栢慧豪園 一期(栢慧豪園) 1座 高層 H室6.jpeg',60,'2023-08-09 19:18:38','2023-08-09 19:18:38'),(581,'1691637895682-名鑄 高層 F室2.jpeg',61,'2023-08-09 19:24:55','2023-08-09 19:24:55'),(582,'1691637895576-名鑄 高層 F室3.jpeg',61,'2023-08-09 19:24:55','2023-08-09 19:24:55'),(583,'1691637895652-名鑄 高層 F室4.jpeg',61,'2023-08-09 19:24:55','2023-08-09 19:24:55'),(584,'1691637895236-名鑄 高層 F室5.jpeg',61,'2023-08-09 19:24:55','2023-08-09 19:24:55'),(585,'1691637895748-名鑄 高層 F室6.jpeg',61,'2023-08-09 19:24:55','2023-08-09 19:24:55'),(586,'1691637895867-名鑄 高層 F室1.jpeg',61,'2023-08-09 19:24:55','2023-08-09 19:24:55'),(587,'1691638105993-港景峯 1座 高層 A室1.jpeg',62,'2023-08-09 19:28:25','2023-08-09 19:28:25'),(588,'1691638105677-港景峯 1座 高層 A室2.jpeg',62,'2023-08-09 19:28:25','2023-08-09 19:28:25'),(589,'1691638105607-港景峯 1座 高層 A室3.jpeg',62,'2023-08-09 19:28:25','2023-08-09 19:28:25'),(590,'1691638105546-港景峯 1座 高層 A室6.jpeg',62,'2023-08-09 19:28:25','2023-08-09 19:28:25'),(591,'1691638105280-港景峯 1座 高層 A室5.jpeg',62,'2023-08-09 19:28:25','2023-08-09 19:28:25'),(592,'1691638105389-港景峯 1座 高層 A室4.jpeg',62,'2023-08-09 19:28:25','2023-08-09 19:28:25'),(593,'1691639609310-貝沙灣 四期 (南灣) 9座 中層 B室1.jpeg',63,'2023-08-09 19:53:29','2023-08-09 19:53:29'),(594,'1691639609455-貝沙灣 四期 (南灣) 9座 中層 B室3.jpeg',63,'2023-08-09 19:53:29','2023-08-09 19:53:29'),(595,'1691639609349-貝沙灣 四期 (南灣) 9座 中層 B室4.jpeg',63,'2023-08-09 19:53:29','2023-08-09 19:53:29'),(596,'1691639609198-貝沙灣 四期 (南灣) 9座 中層 B室5.jpeg',63,'2023-08-09 19:53:29','2023-08-09 19:53:29'),(597,'1691639609963-貝沙灣 四期 (南灣) 9座 中層 B室6.jpeg',63,'2023-08-09 19:53:29','2023-08-09 19:53:29'),(598,'1691639609437-貝沙灣 四期 (南灣) 9座 中層 B室2.jpeg',63,'2023-08-09 19:53:29','2023-08-09 19:53:29'),(599,'1691639912455-康怡花園 A座 低層 8室1.jpeg',64,'2023-08-09 19:58:32','2023-08-09 19:58:32'),(600,'1691639912512-康怡花園 A座 低層 8室2.jpeg',64,'2023-08-09 19:58:32','2023-08-09 19:58:32'),(601,'1691639912874-康怡花園 A座 低層 8室3.jpeg',64,'2023-08-09 19:58:32','2023-08-09 19:58:32'),(602,'1691639912883-康怡花園 A座 低層 8室4.jpeg',64,'2023-08-09 19:58:32','2023-08-09 19:58:32'),(603,'1691639912718-康怡花園 A座 低層 8室5.jpeg',64,'2023-08-09 19:58:32','2023-08-09 19:58:32'),(604,'1691645549855-天赋海湾 溋玥 6座 高层 B室1.jpeg',65,'2023-08-09 21:32:29','2023-08-09 21:32:29'),(605,'1691645549176-天赋海湾 溋玥 6座 高层 B室2.jpeg',65,'2023-08-09 21:32:29','2023-08-09 21:32:29'),(606,'1691645549268-天赋海湾 溋玥 6座 高层 B室3.jpeg',65,'2023-08-09 21:32:29','2023-08-09 21:32:29'),(607,'1691645549612-天赋海湾 溋玥 6座 高层 B室4.jpeg',65,'2023-08-09 21:32:29','2023-08-09 21:32:29'),(608,'1691645549635-天赋海湾 溋玥 6座 高层 B室5.jpeg',65,'2023-08-09 21:32:29','2023-08-09 21:32:29'),(609,'1691645549112-天赋海湾 溋玥 6座 高层 B室6.jpeg',65,'2023-08-09 21:32:29','2023-08-09 21:32:29'),(610,'1691646049500-置富花園 H-12座 (富雅苑) 高層 G室1.jpeg',66,'2023-08-09 21:40:49','2023-08-09 21:40:49'),(611,'1691646049248-置富花園 H-12座 (富雅苑) 高層 G室2.jpeg',66,'2023-08-09 21:40:49','2023-08-09 21:40:49'),(612,'1691646049694-置富花園 H-12座 (富雅苑) 高層 G室3.jpeg',66,'2023-08-09 21:40:49','2023-08-09 21:40:49'),(613,'1691646049501-置富花園 H-12座 (富雅苑) 高層 G室4.jpeg',66,'2023-08-09 21:40:49','2023-08-09 21:40:49'),(614,'1691646049126-置富花園 H-12座 (富雅苑) 高層 G室5.jpeg',66,'2023-08-09 21:40:49','2023-08-09 21:40:49'),(615,'1691646444800-翠匯軒 低層 B室1.jpeg',67,'2023-08-09 21:47:24','2023-08-09 21:47:24'),(616,'1691646444610-翠匯軒 低層 B室2.jpeg',67,'2023-08-09 21:47:24','2023-08-09 21:47:24'),(617,'1691646444452-翠匯軒 低層 B室3.jpeg',67,'2023-08-09 21:47:24','2023-08-09 21:47:24'),(618,'1691646444991-翠匯軒 低層 B室4.jpeg',67,'2023-08-09 21:47:24','2023-08-09 21:47:24'),(619,'1691646444351-翠匯軒 低層 B室5.jpeg',67,'2023-08-09 21:47:24','2023-08-09 21:47:24'),(620,'1691646705744-寶翠園 1期 3座 高層 F室1.jpeg',68,'2023-08-09 21:51:45','2023-08-09 21:51:45'),(621,'1691646705592-寶翠園 1期 3座 高層 F室2.jpeg',68,'2023-08-09 21:51:45','2023-08-09 21:51:45'),(622,'1691646705495-寶翠園 1期 3座 高層 F室3.jpeg',68,'2023-08-09 21:51:45','2023-08-09 21:51:45'),(623,'1691646705878-寶翠園 1期 3座 高層 F室4.jpeg',68,'2023-08-09 21:51:45','2023-08-09 21:51:45'),(624,'1691646705606-寶翠園 1期 3座 高層 F室5.jpeg',68,'2023-08-09 21:51:45','2023-08-09 21:51:45'),(625,'1691646705302-寶翠園 1期 3座 高層 F室6.jpeg',68,'2023-08-09 21:51:45','2023-08-09 21:51:45'),(626,'1691647217394-翰林軒 2座 中層 B室2.jpeg',69,'2023-08-09 22:00:17','2023-08-09 22:00:17'),(627,'1691647217929-翰林軒 2座 中層 B室3.jpeg',69,'2023-08-09 22:00:17','2023-08-09 22:00:17'),(628,'1691647217428-翰林軒 2座 中層 B室4.jpeg',69,'2023-08-09 22:00:17','2023-08-09 22:00:17'),(629,'1691647217971-翰林軒 2座 中層 B室5.jpeg',69,'2023-08-09 22:00:17','2023-08-09 22:00:17'),(630,'1691647217238-翰林軒 2座 中層 B室6.jpeg',69,'2023-08-09 22:00:17','2023-08-09 22:00:17'),(631,'1691647217527-翰林軒 2座 中層 B室7.jpeg',69,'2023-08-09 22:00:17','2023-08-09 22:00:17'),(632,'1691647217891-翰林軒 2座 中層 B室1.jpeg',69,'2023-08-09 22:00:17','2023-08-09 22:00:17'),(633,'1691647545861-凱譽 中層 F室1.jpeg',70,'2023-08-09 22:05:45','2023-08-09 22:05:45'),(634,'1691647545242-凱譽 中層 F室2.jpeg',70,'2023-08-09 22:05:45','2023-08-09 22:05:45'),(635,'1691647545340-凱譽 中層 F室3.jpeg',70,'2023-08-09 22:05:45','2023-08-09 22:05:45'),(636,'1691647545922-凱譽 中層 F室4.jpeg',70,'2023-08-09 22:05:45','2023-08-09 22:05:45'),(637,'1691647545970-凱譽 中層 F室5.jpeg',70,'2023-08-09 22:05:45','2023-08-09 22:05:45'),(638,'1691647545205-凱譽 中層 F室6.jpeg',70,'2023-08-09 22:05:45','2023-08-09 22:05:45'),(639,'1691647782594-迎海 三期(迎海．星灣御) 22座 中層 A室1.jpeg',71,'2023-08-09 22:09:42','2023-08-09 22:09:42'),(640,'1691647782436-迎海 三期(迎海．星灣御) 22座 中層 A室2.jpeg',71,'2023-08-09 22:09:42','2023-08-09 22:09:42'),(641,'1691647782126-迎海 三期(迎海．星灣御) 22座 中層 A室3.jpeg',71,'2023-08-09 22:09:42','2023-08-09 22:09:42'),(642,'1691647782751-迎海 三期(迎海．星灣御) 22座 中層 A室4.jpeg',71,'2023-08-09 22:09:42','2023-08-09 22:09:42'),(643,'1691647782967-迎海 三期(迎海．星灣御) 22座 中層 A室5.jpeg',71,'2023-08-09 22:09:42','2023-08-09 22:09:42'),(644,'1691647782153-迎海 三期(迎海．星灣御) 22座 中層 A室6.jpeg',71,'2023-08-09 22:09:42','2023-08-09 22:09:42'),(645,'1691648052974-Kennedy 38 低層 L室1.jpeg',72,'2023-08-09 22:14:12','2023-08-09 22:14:12'),(646,'1691648052906-Kennedy 38 低層 L室2.jpeg',72,'2023-08-09 22:14:12','2023-08-09 22:14:12'),(647,'1691648052819-Kennedy 38 低層 L室3.jpeg',72,'2023-08-09 22:14:12','2023-08-09 22:14:12'),(648,'1691648052375-Kennedy 38 低層 L室4.jpeg',72,'2023-08-09 22:14:12','2023-08-09 22:14:12'),(649,'1691648052361-Kennedy 38 低層 L室5.jpeg',72,'2023-08-09 22:14:12','2023-08-09 22:14:12'),(650,'1691648052861-Kennedy 38 低層 L室6.jpeg',72,'2023-08-09 22:14:12','2023-08-09 22:14:12'),(651,'1691648229410-南里壹號 中層 3室1.jpeg',73,'2023-08-09 22:17:09','2023-08-09 22:17:09'),(652,'1691648229440-南里壹號 中層 3室2.jpeg',73,'2023-08-09 22:17:09','2023-08-09 22:17:09'),(653,'1691648229766-南里壹號 中層 3室3.jpeg',73,'2023-08-09 22:17:09','2023-08-09 22:17:09'),(654,'1691648229921-南里壹號 中層 3室4.jpeg',73,'2023-08-09 22:17:09','2023-08-09 22:17:09'),(655,'1691648229383-南里壹號 中層 3室5.jpeg',73,'2023-08-09 22:17:09','2023-08-09 22:17:09'),(656,'1691648229324-南里壹號 中層 3室6.jpeg',73,'2023-08-09 22:17:09','2023-08-09 22:17:09'),(657,'1691648459227-比華利山別墅 銀池道 三門仔路23號〈獨立屋〉1.jpeg',74,'2023-08-09 22:20:59','2023-08-09 22:20:59'),(658,'1691648459148-比華利山別墅 銀池道 三門仔路23號〈獨立屋〉2.jpeg',74,'2023-08-09 22:20:59','2023-08-09 22:20:59'),(659,'1691648459567-比華利山別墅 銀池道 三門仔路23號〈獨立屋〉3.jpeg',74,'2023-08-09 22:20:59','2023-08-09 22:20:59'),(660,'1691648459942-比華利山別墅 銀池道 三門仔路23號〈獨立屋〉4.jpeg',74,'2023-08-09 22:20:59','2023-08-09 22:20:59'),(661,'1691648459754-比華利山別墅 銀池道 三門仔路23號〈獨立屋〉5.jpeg',74,'2023-08-09 22:20:59','2023-08-09 22:20:59'),(662,'1691648459657-比華利山別墅 銀池道 三門仔路23號〈獨立屋〉6.jpeg',74,'2023-08-09 22:20:59','2023-08-09 22:20:59'),(663,'1691648900723-杏苑山莊 樂林路12-22號〈獨立屋〉1.jpeg',75,'2023-08-09 22:28:20','2023-08-09 22:28:20'),(664,'1691648900738-杏苑山莊 樂林路12-22號〈獨立屋〉2.jpeg',75,'2023-08-09 22:28:20','2023-08-09 22:28:20'),(665,'1691648900776-杏苑山莊 樂林路12-22號〈獨立屋〉3.jpeg',75,'2023-08-09 22:28:20','2023-08-09 22:28:20'),(666,'1691648900327-杏苑山莊 樂林路12-22號〈獨立屋〉4.jpeg',75,'2023-08-09 22:28:20','2023-08-09 22:28:20'),(667,'1691648900495-杏苑山莊 樂林路12-22號〈獨立屋〉5.jpeg',75,'2023-08-09 22:28:20','2023-08-09 22:28:20'),(668,'1691648900472-杏苑山莊 樂林路12-22號〈獨立屋〉6.jpeg',75,'2023-08-09 22:28:20','2023-08-09 22:28:20');
/*!40000 ALTER TABLE `media` ENABLE KEYS */;
UNLOCK TABLES;

--
-- Table structure for table `migrations`
--

DROP TABLE IF EXISTS `migrations`;
/*!40101 SET @saved_cs_client     = @@character_set_client */;
/*!50503 SET character_set_client = utf8mb4 */;
CREATE TABLE `migrations` (
  `id` int unsigned NOT NULL AUTO_INCREMENT,
  `migration` varchar(191) COLLATE utf8mb4_unicode_ci NOT NULL,
  `batch` int NOT NULL,
  PRIMARY KEY (`id`)
) ENGINE=InnoDB AUTO_INCREMENT=11 DEFAULT CHARSET=utf8mb4 COLLATE=utf8mb4_unicode_ci;
/*!40101 SET character_set_client = @saved_cs_client */;

--
-- Dumping data for table `migrations`
--

LOCK TABLES `migrations` WRITE;
/*!40000 ALTER TABLE `migrations` DISABLE KEYS */;
INSERT INTO `migrations` VALUES (1,'2023_07_25_000000_create_users_table',1),(2,'2023_07_25_100000_create_password_resets_table',1),(3,'2023_07_25_000000_create_failed_jobs_table',1),(4,'2023_07_25_000001_create_personal_access_tokens_table',1),(5,'2023_07_25_093555_create_locations_table',1),(6,'2023_07_25_072808_create_properties_table',1),(7,'2023_07_25_090337_create_media_table',1),(8,'2023_07_25_072326_create_pages_table',1),(9,'2023_07_25_062821_create_property_enquires_table',1),(10,'2023_07_25_073236_create_jobs_table',1);
/*!40000 ALTER TABLE `migrations` ENABLE KEYS */;
UNLOCK TABLES;

--
-- Table structure for table `pages`
--

DROP TABLE IF EXISTS `pages`;
/*!40101 SET @saved_cs_client     = @@character_set_client */;
/*!50503 SET character_set_client = utf8mb4 */;
CREATE TABLE `pages` (
  `id` bigint unsigned NOT NULL AUTO_INCREMENT,
  `name` varchar(191) COLLATE utf8mb4_unicode_ci NOT NULL,
  `slug` varchar(191) COLLATE utf8mb4_unicode_ci NOT NULL,
  `content` longtext COLLATE utf8mb4_unicode_ci NOT NULL,
  `created_at` timestamp NULL DEFAULT NULL,
  `updated_at` timestamp NULL DEFAULT NULL,
  PRIMARY KEY (`id`)
) ENGINE=InnoDB AUTO_INCREMENT=6 DEFAULT CHARSET=utf8mb4 COLLATE=utf8mb4_unicode_ci;
/*!40101 SET character_set_client = @saved_cs_client */;

--
-- Dumping data for table `pages`
--

LOCK TABLES `pages` WRITE;
/*!40000 ALTER TABLE `pages` DISABLE KEYS */;
INSERT INTO `pages` VALUES (1,'Contact Us','contact-us','中國銀行於1994年5月1日開始發行港幣鈔票。\n\n根據2001年7月12日通過的《中國銀行(香港)有限公司合併條例》：「中國銀行在合併前發行的全部銀行紙幣在合併後繼續成為法定貨幣，並將成為中國銀行(香港)的責任。」','2023-07-29 01:37:33','2023-08-01 22:57:56'),(2,'About Us','about-us','中國銀行於1994年5月1日開始發行港幣鈔票。\n\n根據2001年7月12日通過的《中國銀行(香港)有限公司合併條例》：「中國銀行在合併前發行的全部銀行紙幣在合併後繼續成為法定貨幣，並將成為中國銀行(香港)的責任。」','2023-07-29 01:37:33','2023-08-01 22:58:17'),(5,'test','test','test','2023-08-08 00:11:58','2023-08-08 00:11:58');
/*!40000 ALTER TABLE `pages` ENABLE KEYS */;
UNLOCK TABLES;

--
-- Table structure for table `password_resets`
--

DROP TABLE IF EXISTS `password_resets`;
/*!40101 SET @saved_cs_client     = @@character_set_client */;
/*!50503 SET character_set_client = utf8mb4 */;
CREATE TABLE `password_resets` (
  `email` varchar(191) COLLATE utf8mb4_unicode_ci NOT NULL,
  `token` varchar(191) COLLATE utf8mb4_unicode_ci NOT NULL,
  `created_at` timestamp NULL DEFAULT NULL,
  KEY `password_resets_email_index` (`email`)
) ENGINE=InnoDB DEFAULT CHARSET=utf8mb4 COLLATE=utf8mb4_unicode_ci;
/*!40101 SET character_set_client = @saved_cs_client */;

--
-- Dumping data for table `password_resets`
--

LOCK TABLES `password_resets` WRITE;
/*!40000 ALTER TABLE `password_resets` DISABLE KEYS */;
/*!40000 ALTER TABLE `password_resets` ENABLE KEYS */;
UNLOCK TABLES;

--
-- Table structure for table `personal_access_tokens`
--

DROP TABLE IF EXISTS `personal_access_tokens`;
/*!40101 SET @saved_cs_client     = @@character_set_client */;
/*!50503 SET character_set_client = utf8mb4 */;
CREATE TABLE `personal_access_tokens` (
  `id` bigint unsigned NOT NULL AUTO_INCREMENT,
  `tokenable_type` varchar(191) COLLATE utf8mb4_unicode_ci NOT NULL,
  `tokenable_id` bigint unsigned NOT NULL,
  `name` varchar(191) COLLATE utf8mb4_unicode_ci NOT NULL,
  `token` varchar(64) COLLATE utf8mb4_unicode_ci NOT NULL,
  `abilities` text COLLATE utf8mb4_unicode_ci,
  `last_used_at` timestamp NULL DEFAULT NULL,
  `created_at` timestamp NULL DEFAULT NULL,
  `updated_at` timestamp NULL DEFAULT NULL,
  PRIMARY KEY (`id`),
  UNIQUE KEY `personal_access_tokens_token_unique` (`token`),
  KEY `personal_access_tokens_tokenable_type_tokenable_id_index` (`tokenable_type`,`tokenable_id`)
) ENGINE=InnoDB DEFAULT CHARSET=utf8mb4 COLLATE=utf8mb4_unicode_ci;
/*!40101 SET character_set_client = @saved_cs_client */;

--
-- Dumping data for table `personal_access_tokens`
--

LOCK TABLES `personal_access_tokens` WRITE;
/*!40000 ALTER TABLE `personal_access_tokens` DISABLE KEYS */;
/*!40000 ALTER TABLE `personal_access_tokens` ENABLE KEYS */;
UNLOCK TABLES;

--
-- Table structure for table `properties`
--

DROP TABLE IF EXISTS `properties`;
/*!40101 SET @saved_cs_client     = @@character_set_client */;
/*!50503 SET character_set_client = utf8mb4 */;
CREATE TABLE `properties` (
  `id` bigint unsigned NOT NULL AUTO_INCREMENT,
  `name` varchar(191) COLLATE utf8mb4_unicode_ci NOT NULL,
  `name_tr` varchar(191) COLLATE utf8mb4_unicode_ci NOT NULL,
  `featured_image` varchar(191) COLLATE utf8mb4_unicode_ci NOT NULL DEFAULT 'https://picsum.photos/1200/800',
  `location_id` bigint unsigned NOT NULL,
  `price` bigint unsigned NOT NULL,
  `sale` bigint unsigned NOT NULL DEFAULT '1' COMMENT '1=sale,2=rent',
  `type` bigint unsigned NOT NULL DEFAULT '1' COMMENT '1=apartment,2=villa,3=land',
  `bedrooms` bigint unsigned DEFAULT NULL,
  `drawing_rooms` bigint unsigned DEFAULT NULL,
  `bathrooms` bigint unsigned DEFAULT NULL,
  `net_sqm` bigint unsigned DEFAULT NULL,
  `gross_sqm` bigint unsigned DEFAULT NULL,
  `pool` bigint unsigned DEFAULT NULL COMMENT '1=private,2=public,3=both,4=no',
  `overview` varchar(191) COLLATE utf8mb4_unicode_ci NOT NULL,
  `why_buy` longtext COLLATE utf8mb4_unicode_ci,
  `why_buy_tr` longtext COLLATE utf8mb4_unicode_ci,
  `description` longtext COLLATE utf8mb4_unicode_ci NOT NULL,
  `description_tr` longtext COLLATE utf8mb4_unicode_ci NOT NULL,
  `created_at` timestamp NULL DEFAULT NULL,
  `updated_at` timestamp NULL DEFAULT NULL,
  `deposit` varchar(45) COLLATE utf8mb4_unicode_ci DEFAULT NULL,
  `gurantee` varchar(45) COLLATE utf8mb4_unicode_ci DEFAULT NULL,
  `signed` tinyint NOT NULL DEFAULT '0',
  `overview_tr` varchar(45) COLLATE utf8mb4_unicode_ci DEFAULT NULL,
  PRIMARY KEY (`id`),
  KEY `properties_location_id_foreign` (`location_id`),
  CONSTRAINT `properties_location_id_foreign` FOREIGN KEY (`location_id`) REFERENCES `locations` (`id`)
) ENGINE=InnoDB AUTO_INCREMENT=76 DEFAULT CHARSET=utf8mb4 COLLATE=utf8mb4_unicode_ci;
/*!40101 SET character_set_client = @saved_cs_client */;

--
-- Dumping data for table `properties`
--

LOCK TABLES `properties` WRITE;
/*!40000 ALTER TABLE `properties` DISABLE KEYS */;
INSERT INTO `properties` VALUES (55,'My Central 高層 B室','My Central 高層 B室','1691635798998-My Central1.jpg',1,45000000,1,3,3,3,2,300,300,2,'My Central高層B室','座落於中央商務區邊陲的 My Central 是市區更新項目的一部分，其設計重新審視高密度垂直人居的生活維度。項目由 31 層高的住宅塔樓及六層高的裙樓組成，提供 185 個住宅單位，面向香港琳琅滿目的都市建築及享譽全球的維多利亞港。會所設施包括泳池及空中花園，讓住戶舒展身心，感受繁華鬧市的生活氣息。\r\n\r\n裙樓部分的新嘉咸市集不僅保育了百年歷史的嘉咸市集，也是中區行人天橋系統的延續，連接中半山至中環地區。置於低層的商鋪及餐廳，更是鄰近街景的垂直延伸；連接大樓入口的一條開放式石階沿建築外圍緩緩向下，讓建築空間與附近一帶的人流動線無縫接合，鼓勵住戶積極參與這個文化多彩的活力社區。\r\n\r\n項目位處舊區核心地帶，距離一棟百年歷史建築不過一百米，因此在設計及施工過程中採取了一系列措施，減少對歷史建築的影響。','My Central高層B室','屋苑\r\nMy Central\r\n全1座\r\n185伙\r\n入伙日期\r\n28/12/2018\r\n物業設施\r\n會所泳池美容/保健\r\n特色\r\n寵物天地\r\n校網/校區\r\n小學: 11; 中學: 中西區\r\n物業層數\r\n37層 (低層地下、地下、上層地下、1至39樓)\r\n*不包括地庫、天台、升降機機房層、水缸層及上...展開\r\n發展商\r\n長江實業 / 市區重建局\r\n管理公司\r\n港基物業管理有限公司\r\n批地年期\r\n50年, 由2012年7月24日起計','My Central高層B室','2023-08-09 18:25:47','2023-08-09 18:49:58',NULL,NULL,0,'My Central高層B室'),(56,'太古城 觀海台 北海閣 高層 F室','太古城 觀海台 北海閣 高層 F室','1691635752575-太古城 觀海台 北海閣3.jpeg',1,25000,2,3,3,2,2,133,133,2,'太古城 觀海台 北海閣 高層 F室','太古城的前身為1907年建成的太古船塢，它的紀念碑仍在太古城中心前展示。1970年代太古船塢遷出後，原址大片土地被太古地產分階段重新發展，由王董建築師事務有限公司設計[2]，第一期「翠湖台」先於1977年落成。其中洞庭閣以呎價$220開售，220個單位於一日內全數售罄。\r\n\r\n其後第二期至最新的第十一期「海天花園」於1979年至1987年分階段完成。在太古城中心第二期完成後，區內再沒有新住宅興建。而在太古城中心第三期及第四期兩幢商廈於1992年入伙後，太古集團在1993年亦把太古城中心第一期重建成商廈。而「好運街市」及柏嘉商業大廈舊址，則改建名為「東隅」的四星級酒店，於2010年開業。','太古城的前身為1907年建成的太古船塢，它的紀念碑仍在太古城中心前展示。1970年代太古船塢遷出後，原址大片土地被太古地產分階段重新發展，由王董建築師事務有限公司設計[2]，第一期「翠湖台」先於1977年落成。其中洞庭閣以呎價$220開售，220個單位於一日內全數售罄。\r\n\r\n其後第二期至最新的第十一期「海天花園」於1979年至1987年分階段完成。在太古城中心第二期完成後，區內再沒有新住宅興建。而在太古城中心第三期及第四期兩幢商廈於1992年入伙後，太古集團在1993年亦把太古城中心第一期重建成商廈。而「好運街市」及柏嘉商業大廈舊址，則改建名為「東隅」的四星級酒店，於2010年開業。','屋苑\r\n太古城 觀海台\r\n全3座\r\n632伙\r\n入伙日期\r\n04/04/1985\r\n物業設施\r\n基座商場\r\n校網/校區\r\n小學: 14; 中學: 東區\r\n物業層數\r\n26層(南海閣)\r\n* 不包括地下及1至2樓 ...展開\r\n發展商\r\n太古地產\r\n批地年期\r\n999年, 由1900年4月18日起計','屋苑\r\n太古城 觀海台\r\n全3座\r\n632伙\r\n入伙日期\r\n04/04/1985\r\n物業設施\r\n基座商場\r\n校網/校區\r\n小學: 14; 中學: 東區\r\n物業層數\r\n26層(南海閣)\r\n* 不包括地下及1至2樓 ...展開\r\n發展商\r\n太古地產\r\n批地年期\r\n999年, 由1900年4月18日起計','2023-08-09 18:49:12','2023-08-09 18:49:12',NULL,NULL,0,'太古城 觀海台 北海閣 高層 F室'),(57,'新時代廣場 Yoho Midtown M2座 中層 D室','新時代廣場 Yoho Midtown M2座 中層 D室','1691636298204-新時代廣場 Yoho Midtown M2座 中層 D室1.jpeg',3,26000,2,1,2,2,2,150,150,2,'新時代廣場 Yoho Midtown M2座 中層 D室','新時代廣場 Yoho Midtown M2座 中層 D室\r\n近港鐵站, 名校, 公園, 大型購物中心, 屋苑商場, 體育館, 單車徑','新時代廣場 Yoho Midtown M2座 中層 D室\r\n近港鐵站, 名校, 公園, 大型購物中心, 屋苑商場, 體育館, 單車徑','-包全屋電器（雪櫃，洗衣機，煮食爐,抽油煙機，\r\n熱水爐，三部分體式冷氣）\r\n-有露台晾衫超方便\r\n-包差餉及管理費\r\n- 需提供稅單或其他入息証明\r\n-適合新婚夫婦居住\r\n-租約期最少1年\r\n-2個月按金+1個月上期\r\n-配套：樓下有佔地110萬方呎新界西和新界北\r\n面積最大商場，購物食巿\r\n-近雞地有多間平價食店\r\n- 有會所：為ClUb MIDTOWN，佔地22萬平方呎，合共3層，提供100項設施。\r\n-樓下商場直達元朗西鐵站，無縫連接\r\n-商場底層設有巴士站，往九龍、香港巴土都必經此站，交通方便快捷。','-包全屋電器（雪櫃，洗衣機，煮食爐,抽油煙機，\r\n熱水爐，三部分體式冷氣）\r\n-有露台晾衫超方便\r\n-包差餉及管理費\r\n- 需提供稅單或其他入息証明\r\n-適合新婚夫婦居住\r\n-租約期最少1年\r\n-2個月按金+1個月上期\r\n-配套：樓下有佔地110萬方呎新界西和新界北\r\n面積最大商場，購物食巿\r\n-近雞地有多間平價食店\r\n- 有會所：為ClUb MIDTOWN，佔地22萬平方呎，合共3層，提供100項設施。\r\n-樓下商場直達元朗西鐵站，無縫連接\r\n-商場底層設有巴士站，往九龍、香港巴土都必經此站，交通方便快捷。','2023-08-09 18:58:18','2023-08-09 18:58:18',NULL,NULL,0,'新時代廣場 Yoho Midtown M2座 中層 D室'),(58,'金巴利道26號 高層 G室','金巴利道26號 高層 G室','1691636818965-金巴利道26號 高層 G室6.jpeg',2,27000,2,1,3,3,2,179,179,NULL,'金巴利道26號 高層 G室','8 成單位無窗台, 位置優越, 處於九龍商業中心黃金地段, 交通便利, 0 距離港鐵站, 19樓以上單位更可享有維港海景, 約10呎4吋高樓底','8 成單位無窗台, 位置優越, 處於九龍商業中心黃金地段, 交通便利, 0 距離港鐵站, 19樓以上單位更可享有維港海景, 約10呎4吋高樓底','屋苑\r\n金巴利道26號\r\n全1座\r\n168伙\r\n入伙日期\r\n28/10/2004\r\n物業設施\r\n會所娛樂設施餐飲設施美容/保健\r\n校網/校區\r\n小學: 31; 中學: 油尖旺\r\n物業優點\r\n8 成單位無窗台, 位置優越, 處於九龍商業中心黃金地段, 交通便利, 0 距離港鐵站, 19樓以上單位更可享有維港海景, 約10呎4吋高樓底\r\n物業層數\r\n6樓至29樓 (不設 4, 13, 14 及 24樓)\r\n發展商\r\n麗新集團 / 國浩集團','屋苑\r\n金巴利道26號\r\n全1座\r\n168伙\r\n入伙日期\r\n28/10/2004\r\n物業設施\r\n會所娛樂設施餐飲設施美容/保健\r\n校網/校區\r\n小學: 31; 中學: 油尖旺\r\n物業優點\r\n8 成單位無窗台, 位置優越, 處於九龍商業中心黃金地段, 交通便利, 0 距離港鐵站, 19樓以上單位更可享有維港海景, 約10呎4吋高樓底\r\n物業層數\r\n6樓至29樓 (不設 4, 13, 14 及 24樓)\r\n發展商\r\n麗新集團 / 國浩集團','2023-08-09 19:06:58','2023-08-09 19:06:58',NULL,NULL,0,'金巴利道26號 高層 G室'),(59,'峻巒 (Park Yoho) Park Yoho Genova 2A期 29座 低層 B室','峻巒 (Park Yoho) Park Yoho Genova 2A期 29座 低層 B室','1691637180306-峻巒 (Park Yoho) Park Yoho Genova 2A期 29座 低層 B室4.jpeg',3,27000,2,1,3,2,2,200,200,2,'峻巒 (Park Yoho) Park Yoho Genova 2A期 29座 低層 B室','新樓會所	管理完善	環境清幽	間隔四正	廳大房大	巴士總站	交通便利	近西鐵站','新樓會所	管理完善	環境清幽	間隔四正	廳大房大	巴士總站	交通便利	近西鐵站','屋苑\r\n峻巒 (Park Yoho) Park Yoho Genova 2A期\r\n全12座\r\n683伙\r\n入伙日期\r\n28/03/2017\r\n物業設施\r\n會所泳池兒童設施運動設施\r\n特色\r\n寵物天地\r\n校網/校區\r\n小學: 74; 中學: 元朗\r\n車位數量\r\n218 個住客停車位\r\n...展開\r\n物業層數\r\n15層 (第12,15A,15B座：1-18樓)\r\n16層 (第16A,16B,17座：1-19樓) ...展開\r\n發展商\r\n新鴻基\r\n管理公司\r\n超卓管理服務有限公司\r\n批地年期\r\n50年, 由2011年8月12日起計','屋苑\r\n峻巒 (Park Yoho) Park Yoho Genova 2A期\r\n全12座\r\n683伙\r\n入伙日期\r\n28/03/2017\r\n物業設施\r\n會所泳池兒童設施運動設施\r\n特色\r\n寵物天地\r\n校網/校區\r\n小學: 74; 中學: 元朗\r\n車位數量\r\n218 個住客停車位\r\n...展開\r\n物業層數\r\n15層 (第12,15A,15B座：1-18樓)\r\n16層 (第16A,16B,17座：1-19樓) ...展開\r\n發展商\r\n新鴻基\r\n管理公司\r\n超卓管理服務有限公司\r\n批地年期\r\n50年, 由2011年8月12日起計','2023-08-09 19:13:00','2023-08-09 19:13:00',NULL,NULL,0,'峻巒 (Park Yoho) Park Yoho Genova 2A期 29座 低層 B室'),(60,'栢慧豪園 一期(栢慧豪園) 1座 高層 H室','栢慧豪園 一期(栢慧豪園) 1座 高層 H室','1691637518886-栢慧豪園 一期(栢慧豪園) 1座 高層 H室1.jpeg',3,14800,2,3,2,2,2,130,130,2,'栢慧豪園 一期(栢慧豪園) 1座 高層 H室','柏慧豪園位於天水圍天水圍（中原樓市片區：天水圍）。發展商為長實。入伙日期由11/2007開始。柏慧豪園共有2期，8座，提供2,960個單位。柏慧豪園的實用面積由455呎至832呎。小學校網為72。中學校網為元朗區。','柏慧豪園位於天水圍天水圍（中原樓市片區：天水圍）。發展商為長實。入伙日期由11/2007開始。柏慧豪園共有2期，8座，提供2,960個單位。柏慧豪園的實用面積由455呎至832呎。小學校網為72。中學校網為元朗區。','物業座數\r\n8座 2960伙\r\n入伙日期\r\n08/11/2007 - 08/07/2010\r\n物業設施\r\n會所\r\n泳池\r\n兒童設施\r\n運動設施\r\n娛樂設施\r\n餐飲設施\r\n美容/保健\r\n休閒區\r\n物業期數\r\n二期(栢慧豪廷)一期(栢慧豪園)\r\n物業校網\r\n小學: 72\r\n中學: 元朗','物業座數\r\n8座 2960伙\r\n入伙日期\r\n08/11/2007 - 08/07/2010\r\n物業設施\r\n會所\r\n泳池\r\n兒童設施\r\n運動設施\r\n娛樂設施\r\n餐飲設施\r\n美容/保健\r\n休閒區\r\n物業期數\r\n二期(栢慧豪廷)一期(栢慧豪園)\r\n物業校網\r\n小學: 72\r\n中學: 元朗','2023-08-09 19:18:38','2023-08-09 19:18:38',NULL,NULL,0,'栢慧豪園 一期(栢慧豪園) 1座 高層 H室'),(61,'名鑄 高層 F室','名鑄 高層 F室','1691637895323-名鑄 高層 F室1.jpeg',2,52000,2,3,3,3,3,200,200,NULL,'名鑄 高層 F室','單位設施/特色特高樓底原則基本裝修近碼頭海景港鐵沿線','單位設施/特色特高樓底原則基本裝修近碼頭海景港鐵沿線','屋苑\r\n名鑄\r\n全1座\r\n345伙\r\n入伙日期\r\n22/01/2009\r\n物業設施\r\n會所泳池兒童設施娛樂設施美容/保健\r\n特色\r\n寵物天地\r\n校網/校區\r\n小學: 31; 中學: 油尖旺\r\n車位數量\r\n59 個住宅停車位\r\n...展開\r\n物業優點\r\n尖沙咀核心地段 尖沙咀站及尖東站上蓋 六星酒店 高檔購物商場林立 商業旅遊核心區域\r\n物業層數\r\n68層\r\n(包括36層住宅樓層，庇護層2層及其下30層，不包...展開\r\n發展商\r\n新世界 / 市區重建局\r\n管理公司\r\n僑樂服務管理有限公司\r\n批地年期\r\n50年, 由2007年4月23日起計','屋苑\r\n名鑄\r\n全1座\r\n345伙\r\n入伙日期\r\n22/01/2009\r\n物業設施\r\n會所泳池兒童設施娛樂設施美容/保健\r\n特色\r\n寵物天地\r\n校網/校區\r\n小學: 31; 中學: 油尖旺\r\n車位數量\r\n59 個住宅停車位\r\n...展開\r\n物業優點\r\n尖沙咀核心地段 尖沙咀站及尖東站上蓋 六星酒店 高檔購物商場林立 商業旅遊核心區域\r\n物業層數\r\n68層\r\n(包括36層住宅樓層，庇護層2層及其下30層，不包...展開\r\n發展商\r\n新世界 / 市區重建局\r\n管理公司\r\n僑樂服務管理有限公司\r\n批地年期\r\n50年, 由2007年4月23日起計','2023-08-09 19:24:55','2023-08-09 19:24:55',NULL,NULL,0,'名鑄 高層 F室'),(62,'港景峯 1座 高層 A室','港景峯 1座 高層 A室','1691638105830-港景峯 1座 高層 A室1.jpeg',2,25000,2,1,2,3,2,180,180,4,'港景峯 1座 高層 A室','煙花 景近碼頭 連露台 靚裝 海景 港鐵沿線','煙花 景近碼頭 連露台 靚裝 海景 港鐵沿線','屋苑\r\n港景峯\r\n全3座\r\n988伙\r\n入伙日期\r\n23/09/2002\r\n物業設施\r\n會所運動設施娛樂設施餐飲設施美容/保健\r\n校網/校區\r\n小學: 31; 中學: 油尖旺\r\n車位數量\r\n341個\r\n物業優點\r\n六星級豪華會所\r\n第二代環保露台 ...展開\r\n物業層數\r\n10-70 樓 (共52層)\r\n發展商\r\n長江實業\r\n管理公司\r\n長江實業旗下物業管理公司','屋苑\r\n港景峯\r\n全3座\r\n988伙\r\n入伙日期\r\n23/09/2002\r\n物業設施\r\n會所運動設施娛樂設施餐飲設施美容/保健\r\n校網/校區\r\n小學: 31; 中學: 油尖旺\r\n車位數量\r\n341個\r\n物業優點\r\n六星級豪華會所\r\n第二代環保露台 ...展開\r\n物業層數\r\n10-70 樓 (共52層)\r\n發展商\r\n長江實業\r\n管理公司\r\n長江實業旗下物業管理公司','2023-08-09 19:28:25','2023-08-09 19:28:25',NULL,NULL,0,'港景峯 1座 高層 A室'),(63,'貝沙灣 四期 (南灣) 9座 中層 B室','貝沙灣 四期 (南灣) 9座 中層 B室','1691639609669-貝沙灣 四期 (南灣) 9座 中層 B室6.jpeg',1,32000,2,1,2,3,2,160,160,2,'貝沙灣 四期 (南灣) 9座 中層 B室','主人房 a複式 連車位 連露台 海景 寵物天地','主人房 a複式 連車位 連露台 海景 寵物天地','屋苑\r\n貝沙灣 四期 (南灣)\r\n全8座\r\n811伙\r\n入伙日期\r\n02/12/2005\r\n物業設施\r\n泳池美容/保健休閒區\r\n特色\r\n寵物天地\r\n校網/校區\r\n小學: 18; 中學: 南區\r\n車位數量\r\n約315個\r\n物業優點\r\n極高私隱度\r\n戶戶坐享環海景觀，無邊際遠洋景，港鐵新線連結中環及港島南區各核心地段，數分鐘即可直達中環商業中心地帶，讓您盡享港島南區的幽靜，...展開\r\n物業層數\r\n7-52樓43層\r\n(每座均不設14、24、34及44樓，隔火層設於每座27R樓)\r\n發展商\r\n盈科大衍','屋苑\r\n貝沙灣 四期 (南灣)\r\n全8座\r\n811伙\r\n入伙日期\r\n02/12/2005\r\n物業設施\r\n泳池美容/保健休閒區\r\n特色\r\n寵物天地\r\n校網/校區\r\n小學: 18; 中學: 南區\r\n車位數量\r\n約315個\r\n物業優點\r\n極高私隱度\r\n戶戶坐享環海景觀，無邊際遠洋景，港鐵新線連結中環及港島南區各核心地段，數分鐘即可直達中環商業中心地帶，讓您盡享港島南區的幽靜，...展開\r\n物業層數\r\n7-52樓43層\r\n(每座均不設14、24、34及44樓，隔火層設於每座27R樓)\r\n發展商\r\n盈科大衍','2023-08-09 19:53:29','2023-08-09 19:53:29',NULL,NULL,0,'貝沙灣 四期 (南灣) 9座 中層 B室'),(64,'康怡花園 A座 低層 8室','康怡花園 A座 低層 8室','1691639912101-康怡花園 A座 低層 8室3.jpeg',1,21500,2,3,2,3,2,140,140,2,'康怡花園 A座 低層 8室','单位特色 分层单位 大厦','单位特色 分层单位 大厦','屋苑\r\n康怡花園\r\n全16座\r\n6,648伙\r\n入伙日期\r\n19/12/1985 - 23/06/1987\r\n物業設施\r\n會所泳池兒童設施運動設施娛樂設施餐飲設施美容/保健\r\n校網/校區\r\n小學: 14; 中學: 東區\r\n物業優點\r\n毗鄰大潭郊野公園，峰巒疊翠，鳥語花香，景致恬靜幽雅；朝暉晚霞，碧海銀波，璀璨夜色，盡入眼廉；置身...展開\r\n物業層數\r\nA座 (1/F-31/F), B座 (1/F-31/F), C座 (1/F-30/F), D座 (1/F-29/F), E座 (1/F-30/F), F座 (1/F-27/F), G座 (1/F-22/...展開\r\n發展商\r\n恆隆集團\r\n管理公司\r\n地下鐵路物業管理','屋苑\r\n康怡花園\r\n全16座\r\n6,648伙\r\n入伙日期\r\n19/12/1985 - 23/06/1987\r\n物業設施\r\n會所泳池兒童設施運動設施娛樂設施餐飲設施美容/保健\r\n校網/校區\r\n小學: 14; 中學: 東區\r\n物業優點\r\n毗鄰大潭郊野公園，峰巒疊翠，鳥語花香，景致恬靜幽雅；朝暉晚霞，碧海銀波，璀璨夜色，盡入眼廉；置身...展開\r\n物業層數\r\nA座 (1/F-31/F), B座 (1/F-31/F), C座 (1/F-30/F), D座 (1/F-29/F), E座 (1/F-30/F), F座 (1/F-27/F), G座 (1/F-22/...展開\r\n發展商\r\n恆隆集團\r\n管理公司\r\n地下鐵路物業管理','2023-08-09 19:58:32','2023-08-09 19:58:32',NULL,NULL,0,'康怡花園 A座 低層 8室'),(65,'天赋海湾 溋玥 6座 高层 B室','天赋海湾 溋玥 6座 高层 B室','1691645549850-天赋海湾 溋玥 6座 高层 B室6.jpeg',3,33500,2,3,3,3,2,190,190,2,'天赋海湾 溋玥 6座 高层 B室','连露台 宠物天地','连露台 宠物天地','车位数量：379 个住客停车位\r\n其他住客用车位 :\r\n39 个电单车停车位\r\n2 个伤健人士停车位\r\n4 个单车停车位\r\n物业层数\r\n分层住宅 :\r\n16层 (第1-16座：地下,1至12楼) ...展开\r\n发展商\r\n信和置业 / 南丰发展 / 嘉华国际 / 永泰地产\r\n卖方/卖方的控权公司\r\n卖方\r\n荣享有限公司 ...展开\r\n管理公司\r\nProvidence Peak Property Management Company Limited\r\n批地年期\r\n50年，由2007年3月13日起计','车位数量：379 个住客停车位\r\n其他住客用车位 :\r\n39 个电单车停车位\r\n2 个伤健人士停车位\r\n4 个单车停车位\r\n物业层数\r\n分层住宅 :\r\n16层 (第1-16座：地下,1至12楼) ...展开\r\n发展商\r\n信和置业 / 南丰发展 / 嘉华国际 / 永泰地产\r\n卖方/卖方的控权公司\r\n卖方\r\n荣享有限公司 ...展开\r\n管理公司\r\nProvidence Peak Property Management Company Limited\r\n批地年期\r\n50年，由2007年3月13日起计','2023-08-09 21:32:29','2023-08-09 21:32:29',NULL,NULL,0,'天赋海湾 溋玥 6座 高层 B室'),(66,'置富花園 H-12座 (富雅苑) 高層 G室','置富花園 H-12座 (富雅苑) 高層 G室','1691646049116-置富花園 H-12座 (富雅苑) 高層 G室2.jpeg',1,16800,2,1,2,2,2,100,100,4,'置富花園 H-12座 (富雅苑) 高層 G室','單位設施/\r\n特色\r\n山景','單位設施/\r\n特色\r\n山景','屋苑\r\n置富花園\r\n全27座\r\n4,329伙\r\n入伙日期\r\n31/08/1978 - 26/06/1981\r\n物業設施\r\n會所泳池兒童設施運動設施餐飲設施\r\n物業期數\r\n雅緻洋房\r\n校網/校區\r\n小學: 18; 中學: 南區\r\n物業優點\r\n位於港島西南面之薄扶林風景區，背山面海，遠眺南丫島，環境優美，可免受市纏煩囂之擾。 ...展開\r\n發展商\r\n新鴻基\r\n管理公司\r\n置富花園有限公司','屋苑\r\n置富花園\r\n全27座\r\n4,329伙\r\n入伙日期\r\n31/08/1978 - 26/06/1981\r\n物業設施\r\n會所泳池兒童設施運動設施餐飲設施\r\n物業期數\r\n雅緻洋房\r\n校網/校區\r\n小學: 18; 中學: 南區\r\n物業優點\r\n位於港島西南面之薄扶林風景區，背山面海，遠眺南丫島，環境優美，可免受市纏煩囂之擾。 ...展開\r\n發展商\r\n新鴻基\r\n管理公司\r\n置富花園有限公司','2023-08-09 21:40:49','2023-08-09 21:40:49',NULL,NULL,0,'置富花園 H-12座 (富雅苑) 高層 G室'),(67,'翠匯軒 低層 B室','翠匯軒 低層 B室','1691646444701-翠匯軒 低層 B室1.jpeg',2,19800,2,3,3,2,2,140,140,4,'翠匯軒 低層 B室','物業設施 會所\r\n娛樂設施 美容/保健\r\n特色 寵物天地','物業設施 會所\r\n娛樂設施 美容/保健\r\n特色 寵物天地','屋苑\r\n翠匯軒\r\n全1座\r\n62伙\r\n入伙日期\r\n30/07/2010\r\n物業設施\r\n會所娛樂設施美容/保健\r\n特色\r\n寵物天地\r\n校網/校區\r\n小學: 31; 中學: 油尖旺\r\n物業層數\r\n22層(3/F-27F)\r\n不設4/F、14/F及24/F\r\n發展商\r\n恆基兆業\r\n管理公司\r\n恆益物業管理有限公司(大廈公契經理人)','屋苑\r\n翠匯軒\r\n全1座\r\n62伙\r\n入伙日期\r\n30/07/2010\r\n物業設施\r\n會所娛樂設施美容/保健\r\n特色\r\n寵物天地\r\n校網/校區\r\n小學: 31; 中學: 油尖旺\r\n物業層數\r\n22層(3/F-27F)\r\n不設4/F、14/F及24/F\r\n發展商\r\n恆基兆業\r\n管理公司\r\n恆益物業管理有限公司(大廈公契經理人)','2023-08-09 21:47:24','2023-08-09 21:47:24',NULL,NULL,0,'翠匯軒 低層 B室'),(68,'寶翠園 1期 3座 高層 F室','寶翠園 1期 3座 高層 F室','1691646705117-寶翠園 1期 3座 高層 F室1.jpeg',1,52000,2,3,3,4,3,200,200,4,'寶翠園 1期 3座 高層 F室','單位設施/\r\n特色\r\n寵物天地','單位設施/\r\n特色\r\n寵物天地','屋苑\r\n寶翠園 1期\r\n全3座\r\n1,093伙\r\n入伙日期\r\n29/12/2000\r\n物業設施\r\n基座商場\r\n校網/校區\r\n小學: 11; 中學: 中西區\r\n物業優點\r\n山海雙全，高層極品\r\n物業層數\r\n45層(1座)\r\n* 不包括地下低層、地下高層、平台第1至10層、平...展開\r\n發展商\r\n新鴻基 / 信德集團 / 廖創興 / 新世界\r\n批地年期\r\n租期至2030年9月5日止','屋苑\r\n寶翠園 1期\r\n全3座\r\n1,093伙\r\n入伙日期\r\n29/12/2000\r\n物業設施\r\n基座商場\r\n校網/校區\r\n小學: 11; 中學: 中西區\r\n物業優點\r\n山海雙全，高層極品\r\n物業層數\r\n45層(1座)\r\n* 不包括地下低層、地下高層、平台第1至10層、平...展開\r\n發展商\r\n新鴻基 / 信德集團 / 廖創興 / 新世界\r\n批地年期\r\n租期至2030年9月5日止','2023-08-09 21:51:45','2023-08-09 21:51:45',NULL,NULL,0,'寶翠園 1期 3座 高層 F室'),(69,'翰林軒 2座 中層 B室','翰林軒 2座 中層 B室','1691647217575-翰林軒 2座 中層 B室2.jpeg',1,38000,2,1,3,2,2,180,180,4,'翰林軒 2座 中層 B室','單位設施/\r\n特色\r\n海景','單位設施/\r\n特色\r\n海景','屋苑\r\n翰林軒\r\n全2座\r\n444伙\r\n入伙日期\r\n31/01/1996\r\n物業設施\r\n會所泳池兒童設施運動設施美容/保健\r\n校網/校區\r\n小學: 11; 中學: 中西區\r\n發展商\r\n長江實業','屋苑\r\n翰林軒\r\n全2座\r\n444伙\r\n入伙日期\r\n31/01/1996\r\n物業設施\r\n會所泳池兒童設施運動設施美容/保健\r\n校網/校區\r\n小學: 11; 中學: 中西區\r\n發展商\r\n長江實業','2023-08-09 22:00:17','2023-08-09 22:00:17',NULL,NULL,0,'翰林軒 2座 中層 B室'),(70,'凱譽 中層 F室','凱譽 中層 F室','1691647545634-凱譽 中層 F室3.jpeg',2,35000,2,3,3,2,2,190,190,4,'凱譽 中層 F室','五分鐘直達 星光大道 及 K11 Musea, 位於棉登徑內街 ，静中帶旺','五分鐘直達 星光大道 及 K11 Musea, 位於棉登徑內街 ，静中帶旺','屋苑\r\n凱譽\r\n全1座\r\n262伙\r\n入伙日期\r\n29/05/2002\r\n物業設施\r\n會所泳池兒童設施娛樂設施美容/保健休閒區\r\n校網/校區\r\n小學: 31; 中學: 油尖旺\r\n物業優點\r\n五分鐘直達 星光大道 及 K11 Musea, 位於棉登徑內街 ，静中帶旺\r\n物業層數\r\n40層(地庫、地下、停車場一層、停車場二層、基座會所層、1樓至39樓)\r\n*不包括天台 ...展開\r\n發展商\r\n恒基兆業\r\n管理公司\r\n偉邦物業管理有限公司(大廈公契管理人)','屋苑\r\n凱譽\r\n全1座\r\n262伙\r\n入伙日期\r\n29/05/2002\r\n物業設施\r\n會所泳池兒童設施娛樂設施美容/保健休閒區\r\n校網/校區\r\n小學: 31; 中學: 油尖旺\r\n物業優點\r\n五分鐘直達 星光大道 及 K11 Musea, 位於棉登徑內街 ，静中帶旺\r\n物業層數\r\n40層(地庫、地下、停車場一層、停車場二層、基座會所層、1樓至39樓)\r\n*不包括天台 ...展開\r\n發展商\r\n恒基兆業\r\n管理公司\r\n偉邦物業管理有限公司(大廈公契管理人)','2023-08-09 22:05:45','2023-08-09 22:05:45',NULL,NULL,0,'凱譽 中層 F室'),(71,'迎海 三期(迎海．星灣御) 22座 中層 A室','迎海 三期(迎海．星灣御) 22座 中層 A室','1691647782496-迎海 三期(迎海．星灣御) 22座 中層 A室6.jpeg',2,12000000,1,3,3,3,2,190,190,2,'迎海 三期(迎海．星灣御) 22座 中層 A室','物業設施\r\n泳池\r\n特色\r\n寵物天地','物業設施\r\n泳池\r\n特色\r\n寵物天地','單位數目\r\n432個\r\n地區\r\n香港仔及鴨脷洲\r\n發展項目\r\n港島南岸\r\n期數\r\n第4A期\r\n期數名稱\r\n海盈山\r\n管理公司\r\n香港鐵路有限公司\r\n賣方/賣方的控權公司\r\n賣方:\r\n香港鐵路有限公司(作為擁有人”)\r\nWch Property Development Company Limited (...更多\r\n校網/校區\r\n小學: 18\r\n中學: 南區','單位數目\r\n432個\r\n地區\r\n香港仔及鴨脷洲\r\n發展項目\r\n港島南岸\r\n期數\r\n第4A期\r\n期數名稱\r\n海盈山\r\n管理公司\r\n香港鐵路有限公司\r\n賣方/賣方的控權公司\r\n賣方:\r\n香港鐵路有限公司(作為擁有人”)\r\nWch Property Development Company Limited (...更多\r\n校網/校區\r\n小學: 18\r\n中學: 南區','2023-08-09 22:09:42','2023-08-09 22:09:42',NULL,NULL,0,'迎海 三期(迎海．星灣御) 22座 中層 A室'),(72,'Kennedy 38 低層 L室','Kennedy 38 低層 L室','1691648052424-Kennedy 38 低層 L室6.jpeg',1,23000,2,1,1,1,1,80,80,4,'Kennedy 38 低層 L室','特色\r\n連露台','特色\r\n連露台','屋苑\r\nKennedy 38\r\n全1座\r\n341伙\r\n入伙日期\r\n16/12/2022\r\n物業設施\r\n會所\r\n校網/校區\r\n小學: 11; 中學: 中西區\r\n物業層數\r\n31層 (地下低層、地下、1樓至33樓)\r\n* 不包括轉換層、天台、升降機機房層、應急發電機房層及上層天台...展開\r\n發展商\r\n新鴻基 / 會德豐 / 恒基兆業\r\n管理公司\r\n超卓管理服務有限公司\r\n批地年期\r\n999年，由1892年6月24日起計','屋苑\r\nKennedy 38\r\n全1座\r\n341伙\r\n入伙日期\r\n16/12/2022\r\n物業設施\r\n會所\r\n校網/校區\r\n小學: 11; 中學: 中西區\r\n物業層數\r\n31層 (地下低層、地下、1樓至33樓)\r\n* 不包括轉換層、天台、升降機機房層、應急發電機房層及上層天台...展開\r\n發展商\r\n新鴻基 / 會德豐 / 恒基兆業\r\n管理公司\r\n超卓管理服務有限公司\r\n批地年期\r\n999年，由1892年6月24日起計','2023-08-09 22:14:12','2023-08-09 22:14:12',NULL,NULL,0,'Kennedy 38 低層 L室'),(73,'南里壹號 中層 3室','南里壹號 中層 3室','1691648229860-南里壹號 中層 3室2.jpeg',1,21000,2,1,1,1,1,50,50,4,'南里壹號 中層 3室','單位設施/\r\n特色\r\n開放式廚房\r\n特高樓底\r\n開放式\r\n全屋傢俬\r\n基本裝修\r\n港鐵沿線','單位設施/\r\n特色\r\n開放式廚房\r\n特高樓底\r\n開放式\r\n全屋傢俬\r\n基本裝修\r\n港鐵沿線','屋苑\r\n南里壹號\r\n全1座\r\n92伙\r\n入伙日期\r\n21/07/2016\r\n物業設施\r\n會所泳池\r\n校網/校區\r\n小學: 11; 中學: 中西區\r\n物業優點\r\n的士\r\n物業層數\r\n28 (不包括天台及上層天台)\r\n地下、1至31樓 ...展開\r\n發展商\r\n才保有限公司\r\n管理公司\r\n忠信物業管理有限公司\r\n批地年期\r\n999年, 由1891年12月25日起計','屋苑\r\n南里壹號\r\n全1座\r\n92伙\r\n入伙日期\r\n21/07/2016\r\n物業設施\r\n會所泳池\r\n校網/校區\r\n小學: 11; 中學: 中西區\r\n物業優點\r\n的士\r\n物業層數\r\n28 (不包括天台及上層天台)\r\n地下、1至31樓 ...展開\r\n發展商\r\n才保有限公司\r\n管理公司\r\n忠信物業管理有限公司\r\n批地年期\r\n999年, 由1891年12月25日起計','2023-08-09 22:17:09','2023-08-09 22:17:09',NULL,NULL,0,'南里壹號 中層 3室'),(74,'比華利山別墅 銀池道 三門仔路23號〈獨立屋〉','比華利山別墅 銀池道 三門仔路23號〈獨立屋〉','1691648459602-比華利山別墅 銀池道 三門仔路23號〈獨立屋〉1.jpeg',3,42000,2,2,4,3,4,200,200,4,'比華利山別墅 銀池道 三門仔路23號〈獨立屋〉','單位設施/\r\n特色\r\n主人房\r\n接駁巴士\r\n近碼頭\r\n連花園\r\n連車位\r\n連天台\r\n靚裝\r\n園景\r\n獨立車房','單位設施/\r\n特色\r\n主人房\r\n接駁巴士\r\n近碼頭\r\n連花園\r\n連車位\r\n連天台\r\n靚裝\r\n園景\r\n獨立車房','屋苑\r\n比華利山別墅 銀池道\r\n全79座\r\n163伙\r\n入伙日期\r\n30/07/2002 - 22/10/2008\r\n物業設施\r\n會所泳池兒童設施運動設施娛樂設施餐飲設施美容/保健休閒區\r\n特色\r\n寵物天地\r\n校網/校區\r\n小學: 84; 中學: 大埔\r\n物業優點\r\n座落於大埔市郊半山區，屋苑與多座洋房依山勢而建，另每戶均設有不同層次的景觀，形成山海一色或翠綠山巒。\r\n物業層數\r\nCp/F至3/F共四層\r\n樓層高度\r\n約2.80米至3.75米\r\n發展商\r\n恒基兆業\r\n管理公司\r\n偉邦物業管理有限公司\r\n批地年期\r\n50年，由1997年10月14日起計','屋苑\r\n比華利山別墅 銀池道\r\n全79座\r\n163伙\r\n入伙日期\r\n30/07/2002 - 22/10/2008\r\n物業設施\r\n會所泳池兒童設施運動設施娛樂設施餐飲設施美容/保健休閒區\r\n特色\r\n寵物天地\r\n校網/校區\r\n小學: 84; 中學: 大埔\r\n物業優點\r\n座落於大埔市郊半山區，屋苑與多座洋房依山勢而建，另每戶均設有不同層次的景觀，形成山海一色或翠綠山巒。\r\n物業層數\r\nCp/F至3/F共四層\r\n樓層高度\r\n約2.80米至3.75米\r\n發展商\r\n恒基兆業\r\n管理公司\r\n偉邦物業管理有限公司\r\n批地年期\r\n50年，由1997年10月14日起計','2023-08-09 22:20:59','2023-08-09 22:20:59',NULL,NULL,0,'比華利山別墅 銀池道 三門仔路23號〈獨立屋〉'),(75,'杏苑山莊 樂林路12-22號〈獨立屋〉','杏苑山莊 樂林路12-22號〈獨立屋〉','1691648900367-杏苑山莊 樂林路12-22號〈獨立屋〉6.jpeg',3,68000,2,2,4,4,3,250,250,4,'杏苑山莊 樂林路12-22號〈獨立屋〉','單位特色/景觀\r\n傳統豪宅\r\n近郊豪宅\r\n精緻裝修\r\n花園洋房','單位特色/景觀\r\n傳統豪宅\r\n近郊豪宅\r\n精緻裝修\r\n花園洋房','物業位置\r\n九肚山 / 火炭樂林路\r\n物業座數\r\n全6座\r\n6伙\r\n入伙日期\r\n21/02/1991\r\n校網/校區\r\n小學: 91 ; 中學: 沙田','物業位置\r\n九肚山 / 火炭樂林路\r\n物業座數\r\n全6座\r\n6伙\r\n入伙日期\r\n21/02/1991\r\n校網/校區\r\n小學: 91 ; 中學: 沙田','2023-08-09 22:28:20','2023-08-09 22:28:20',NULL,NULL,0,'杏苑山莊 樂林路12-22號〈獨立屋〉');
/*!40000 ALTER TABLE `properties` ENABLE KEYS */;
UNLOCK TABLES;

--
-- Table structure for table `property_enquires`
--

DROP TABLE IF EXISTS `property_enquires`;
/*!40101 SET @saved_cs_client     = @@character_set_client */;
/*!50503 SET character_set_client = utf8mb4 */;
CREATE TABLE `property_enquires` (
  `id` bigint unsigned NOT NULL AUTO_INCREMENT,
  `name` varchar(191) COLLATE utf8mb4_unicode_ci NOT NULL,
  `email` varchar(191) COLLATE utf8mb4_unicode_ci NOT NULL,
  `phone` varchar(191) COLLATE utf8mb4_unicode_ci NOT NULL,
  `message` longtext COLLATE utf8mb4_unicode_ci NOT NULL,
  `created_at` timestamp NULL DEFAULT NULL,
  `updated_at` timestamp NULL DEFAULT NULL,
  PRIMARY KEY (`id`)
) ENGINE=InnoDB AUTO_INCREMENT=66 DEFAULT CHARSET=utf8mb4 COLLATE=utf8mb4_unicode_ci;
/*!40101 SET character_set_client = @saved_cs_client */;

--
-- Dumping data for table `property_enquires`
--

LOCK TABLES `property_enquires` WRITE;
/*!40000 ALTER TABLE `property_enquires` DISABLE KEYS */;
INSERT INTO `property_enquires` VALUES (59,'gfdf','asd@qq.com','asd','asd\\nThis message was sent from http://localhost:8000/zh-Hant/property/45 website.','2023-08-02 00:07:15','2023-08-02 00:07:15'),(60,'asd','asd@qq.com','123','asd\\nThis message was sent from http://localhost:8000/zh-Hant/property/49 website.','2023-08-03 19:03:14','2023-08-03 19:03:14'),(61,'asd','752812820@qq.com','123','asd\\nThis message was sent from http://localhost:8000/zh-Hant/property/49 website.','2023-08-03 19:14:02','2023-08-03 19:14:02'),(62,'asd','752812820@qq.com','123','asd\\nThis message was sent from http://localhost:8000/zh-Hant/property/49 website.','2023-08-03 19:32:20','2023-08-03 19:32:20'),(63,'1234','1234@qq.com','1234','ddasd\\nThis message was sent from http://localhost:8000/en/property/49 website.\\nThis message was sent from http://localhost:8000/en/property/49 website.','2023-08-03 19:53:18','2023-08-03 19:53:18'),(64,'a','asd@qq.com','a','asd\\r\\n This message was sent from http://127.0.0.1:8000/property/42 website.','2023-08-07 19:26:52','2023-08-07 19:26:52'),(65,'a','asd@qq.com','231','asd\\r\\n This message was sent from http://127.0.0.1:8000/property/42 website.','2023-08-07 19:27:04','2023-08-07 19:27:04');
/*!40000 ALTER TABLE `property_enquires` ENABLE KEYS */;
UNLOCK TABLES;

--
-- Table structure for table `users`
--

DROP TABLE IF EXISTS `users`;
/*!40101 SET @saved_cs_client     = @@character_set_client */;
/*!50503 SET character_set_client = utf8mb4 */;
CREATE TABLE `users` (
  `id` bigint unsigned NOT NULL AUTO_INCREMENT,
  `name` varchar(191) COLLATE utf8mb4_unicode_ci NOT NULL,
  `email` varchar(191) COLLATE utf8mb4_unicode_ci NOT NULL,
  `email_verified_at` timestamp NULL DEFAULT NULL,
  `password` varchar(191) COLLATE utf8mb4_unicode_ci NOT NULL,
  `remember_token` varchar(100) COLLATE utf8mb4_unicode_ci DEFAULT NULL,
  `created_at` timestamp NULL DEFAULT NULL,
  `updated_at` timestamp NULL DEFAULT NULL,
  PRIMARY KEY (`id`),
  UNIQUE KEY `users_email_unique` (`email`)
) ENGINE=InnoDB AUTO_INCREMENT=2 DEFAULT CHARSET=utf8mb4 COLLATE=utf8mb4_unicode_ci;
/*!40101 SET character_set_client = @saved_cs_client */;

--
-- Dumping data for table `users`
--

LOCK TABLES `users` WRITE;
/*!40000 ALTER TABLE `users` DISABLE KEYS */;
INSERT INTO `users` VALUES (1,'Admin','admin@gmail.com','2022-01-29 01:37:32','$2y$10$OE3ISaBkMORWTgBozRfbe.VR74bsmQkvzF.fF2Qd.M03tsoLdw2Jy','jbEfJOi99kiti3MLqd16zIej0gqPuj0b1e6EbNFlBk5IDhUDcAAcdVVBsqcf','2023-07-29 01:37:33','2023-07-29 01:37:33');
/*!40000 ALTER TABLE `users` ENABLE KEYS */;
UNLOCK TABLES;
/*!40103 SET TIME_ZONE=@OLD_TIME_ZONE */;

/*!40101 SET SQL_MODE=@OLD_SQL_MODE */;
/*!40014 SET FOREIGN_KEY_CHECKS=@OLD_FOREIGN_KEY_CHECKS */;
/*!40014 SET UNIQUE_CHECKS=@OLD_UNIQUE_CHECKS */;
/*!40101 SET CHARACTER_SET_CLIENT=@OLD_CHARACTER_SET_CLIENT */;
/*!40101 SET CHARACTER_SET_RESULTS=@OLD_CHARACTER_SET_RESULTS */;
/*!40101 SET COLLATION_CONNECTION=@OLD_COLLATION_CONNECTION */;
/*!40111 SET SQL_NOTES=@OLD_SQL_NOTES */;

-- Dump completed on 2023-08-10 15:34:48
